{
  "project_info": {
    "project_number": "68828448909",
    "firebase_url": "https://gmlc-c291d-default-rtdb.asia-southeast1.firebasedatabase.app",
    "project_id": "gmlc-c291d",
    "storage_bucket": "gmlc-c291d.appspot.com"
  },
  "client": [
    {
      "client_info": {
        "mobilesdk_app_id": "1:68828448909:android:238e4b7c19f63752827ac4",
        "android_client_info": {
          "package_name": "com.example.adminapp"
        }
      },
      "oauth_client": [
        {
          "client_id": "68828448909-6l1kspii1jucmodh1d4lpcioffauto2v.apps.googleusercontent.com",
          "client_type": 3
        }
      ],
      "api_key": [
        {
          "current_key": "AIzaSyD262KopJzpdaEEvMGzwIHebAGA4h6fBHQ"
        }
      ],
      "services": {
        "appinvite_service": {
          "other_platform_oauth_client": [
            {
              "client_id": "68828448909-6l1kspii1jucmodh1d4lpcioffauto2v.apps.googleusercontent.com",
              "client_type": 3
            }
          ]
        }
      }
    },
    {
      "client_info": {
        "mobilesdk_app_id": "1:68828448909:android:2798b744e2aa9ff3827ac4",
        "android_client_info": {
          "package_name": "com.example.capstoneproject"
        }
      },
      "oauth_client": [
        {
          "client_id": "68828448909-6l1kspii1jucmodh1d4lpcioffauto2v.apps.googleusercontent.com",
          "client_type": 3
        }
      ],
      "api_key": [
        {
          "current_key": "AIzaSyD262KopJzpdaEEvMGzwIHebAGA4h6fBHQ"
        }
      ],
      "services": {
        "appinvite_service": {
          "other_platform_oauth_client": [
            {
              "client_id": "68828448909-6l1kspii1jucmodh1d4lpcioffauto2v.apps.googleusercontent.com",
              "client_type": 3
            }
          ]
        }
      }
    },
    {
      "client_info": {
        "mobilesdk_app_id": "1:68828448909:android:bde5bf4b47d70d79827ac4",
        "android_client_info": {
          "package_name": "com.example.capstoneproject2"
        }
      },
      "oauth_client": [
        {
          "client_id": "68828448909-6l1kspii1jucmodh1d4lpcioffauto2v.apps.googleusercontent.com",
          "client_type": 3
        }
      ],
      "api_key": [
        {
          "current_key": "AIzaSyD262KopJzpdaEEvMGzwIHebAGA4h6fBHQ"
        }
      ],
      "services": {
        "appinvite_service": {
          "other_platform_oauth_client": [
            {
              "client_id": "68828448909-6l1kspii1jucmodh1d4lpcioffauto2v.apps.googleusercontent.com",
              "client_type": 3
            }
          ]
        }
      }
    }
  ],
  "configuration_version": "1"
}